{
    "now": "2024-10-30T22:27:20.383Z",
    "perfNow": 150258.29999995232,
    "diagnosticCorrelation": "b63141b9-997f-434b-988b-0f9d7eb2c1c4",
    "source": "DownloadSupportFiles",
    "environment": {
        "productName": "adf",
        "buildVersion": "1.0.101424.2",
        "environmentType": 3,
        "resourceName": "DataServices-ADF",
        "resourceRegion": "eastus2",
        "resourceGroup": "DataServices-Datafactory",
        "subscriptionId": "0aad9414-005b-450d-8bf2-b1008c24e3ec",
        "sessionId": "QYfDFFI85BWMGiE72+VaZF",
        "operationId": "",
        "gitType": "VSTS",
        "loggingKey": "a3d52fd6-9523-4a6f-afdb-562e42df2acd"
    },
    "additionalInfo": {
        "selectedResource": "PL_Savista",
        "selectedResourceType": "pipeline"
    }
}