{
    "name": "TR_Savista_Daily",
    "properties": {
        "description": "Savista extract daily run",
        "annotations": [],
        "runtimeState": "Started",
        "pipelines": [
            {
                "pipelineReference": {
                    "referenceName": "PL_Savista",
                    "type": "PipelineReference"
                }
            }
        ],
        "type": "ScheduleTrigger",
        "typeProperties": {
            "recurrence": {
                "frequency": "Day",
                "interval": 1,
                "startTime": "2024-08-21T20:41:00",
                "timeZone": "Eastern Standard Time",
                "schedule": {
                    "minutes": [
                        0
                    ],
                    "hours": [
                        10
                    ]
                }
            }
        }
    }
}