{
    "name": "PL_Savista",
    "properties": {
        "description": "Main container for the Savista Daily extract",
        "activities": [
            {
                "name": "Set StartDate",
                "type": "SetVariable",
                "dependsOn": [],
                "policy": {
                    "secureOutput": false,
                    "secureInput": false
                },
                "userProperties": [],
                "typeProperties": {
                    "variableName": "StartDate",
                    "value": {
                        "value": "@formatDateTime( addToTime( utcnow(), -1, 'Day' ), 'yyyyMMdd' )",
                        "type": "Expression"
                    }
                }
            },
            {
                "name": "Set EndDate",
                "type": "SetVariable",
                "dependsOn": [],
                "policy": {
                    "secureOutput": false,
                    "secureInput": false
                },
                "userProperties": [],
                "typeProperties": {
                    "variableName": "EndDate",
                    "value": {
                        "value": "@formatDateTime( addToTime( utcnow(), -1, 'Day' ), 'yyyyMMdd' )",
                        "type": "Expression"
                    }
                }
            },
            {
                "name": "Run",
                "type": "ExecutePipeline",
                "dependsOn": [
                    {
                        "activity": "Set EndDate",
                        "dependencyConditions": [
                            "Succeeded"
                        ]
                    },
                    {
                        "activity": "Set StartDate",
                        "dependencyConditions": [
                            "Succeeded"
                        ]
                    },
                    {
                        "activity": "Set RunDate",
                        "dependencyConditions": [
                            "Succeeded"
                        ]
                    }
                ],
                "policy": {
                    "secureInput": false
                },
                "userProperties": [],
                "typeProperties": {
                    "pipeline": {
                        "referenceName": "PL_SavistaScripts",
                        "type": "PipelineReference"
                    },
                    "waitOnCompletion": true,
                    "parameters": {
                        "StartDate": {
                            "value": "@variables('StartDate')",
                            "type": "Expression"
                        },
                        "EndDate": {
                            "value": "@variables('EndDate')",
                            "type": "Expression"
                        },
                        "OutputPath": {
                            "value": "@variables('OutputPath')",
                            "type": "Expression"
                        },
                        "RunDate": {
                            "value": "@variables('RunDate')",
                            "type": "Expression"
                        }
                    }
                }
            },
            {
                "name": "Set SuccessFlag",
                "type": "SetVariable",
                "dependsOn": [
                    {
                        "activity": "Run",
                        "dependencyConditions": [
                            "Succeeded"
                        ]
                    }
                ],
                "policy": {
                    "secureOutput": false,
                    "secureInput": false
                },
                "userProperties": [],
                "typeProperties": {
                    "variableName": "SuccessFlag",
                    "value": {
                        "value": "@activity('Run').output.pipelineReturnValue.SuccessFlag",
                        "type": "Expression"
                    }
                }
            },
            {
                "name": "If Success",
                "type": "IfCondition",
                "dependsOn": [
                    {
                        "activity": "Set SuccessFlag",
                        "dependencyConditions": [
                            "Succeeded"
                        ]
                    }
                ],
                "userProperties": [],
                "typeProperties": {
                    "expression": {
                        "value": "@variables('SuccessFlag')",
                        "type": "Expression"
                    },
                    "ifFalseActivities": [
                        {
                            "name": "Failure Email",
                            "type": "ExecutePipeline",
                            "dependsOn": [],
                            "policy": {
                                "secureInput": false
                            },
                            "userProperties": [],
                            "typeProperties": {
                                "pipeline": {
                                    "referenceName": "PL_Send_Email",
                                    "type": "PipelineReference"
                                },
                                "waitOnCompletion": true,
                                "parameters": {
                                    "subject": {
                                        "value": "@concat( pipeline().Pipeline, ' FAILED ', convertTimeZone( utcNow(),'UTC','Eastern Standard Time','MM/dd/yyyy' ) )",
                                        "type": "Expression"
                                    },
                                    "body": {
                                        "value": "@concat('ADF:  Savista Extract ', variables('RunDate'), ' (', variables('StartDate'), '-', variables('EndDate'), ') FAILED at: ', convertTimeZone( utcNow(),'UTC','Eastern Standard Time','MM/dd/yyyy hh:mm tt' ), activity('Run').output.pipelineReturnValue.ErrorArray )",
                                        "type": "Expression"
                                    },
                                    "group_name": "ETL",
                                    "information": "false"
                                }
                            }
                        }
                    ],
                    "ifTrueActivities": [
                        {
                            "name": "Success Email",
                            "type": "ExecutePipeline",
                            "dependsOn": [],
                            "policy": {
                                "secureInput": false
                            },
                            "userProperties": [],
                            "typeProperties": {
                                "pipeline": {
                                    "referenceName": "PL_Send_Email",
                                    "type": "PipelineReference"
                                },
                                "waitOnCompletion": true,
                                "parameters": {
                                    "subject": {
                                        "value": "@concat( pipeline().Pipeline, ' Completed ', convertTimeZone( utcNow(),'UTC','Eastern Standard Time','MM/dd/yyyy' ) )",
                                        "type": "Expression"
                                    },
                                    "body": {
                                        "value": "@concat('ADF:  Savista Extract ', variables('RunDate'), ' (', variables('StartDate'), '-', variables('EndDate'), ') completed at: ', convertTimeZone( utcNow(),'UTC','Eastern Standard Time','MM/dd/yyyy hh:mm tt' ) )",
                                        "type": "Expression"
                                    },
                                    "group_name": "ETL",
                                    "information": "true"
                                }
                            }
                        }
                    ]
                }
            },
            {
                "name": "Set RunDate",
                "type": "SetVariable",
                "dependsOn": [],
                "policy": {
                    "secureOutput": false,
                    "secureInput": false
                },
                "userProperties": [],
                "typeProperties": {
                    "variableName": "RunDate",
                    "value": {
                        "value": "@formatDateTime( utcnow(), 'yyyyMMdd' )",
                        "type": "Expression"
                    }
                }
            }
        ],
        "variables": {
            "StartDate": {
                "type": "String"
            },
            "EndDate": {
                "type": "String"
            },
            "OutputPath": {
                "type": "String",
                "defaultValue": "Savista"
            },
            "SuccessFlag": {
                "type": "Boolean",
                "defaultValue": true
            },
            "RunDate": {
                "type": "String"
            }
        },
        "folder": {
            "name": "extract"
        },
        "annotations": []
    }
}