{
    "name": "PL_Send_Email",
    "properties": {
        "activities": [
            {
                "name": "Daily Process Error SendText",
                "type": "SqlServerStoredProcedure",
                "dependsOn": [
                    {
                        "activity": "Get_Recipients",
                        "dependencyConditions": [
                            "Succeeded"
                        ]
                    }
                ],
                "policy": {
                    "timeout": "7.00:00:00",
                    "retry": 0,
                    "retryIntervalInSeconds": 30,
                    "secureOutput": false,
                    "secureInput": false
                },
                "userProperties": [],
                "typeProperties": {
                    "storedProcedureName": "[dbo].sp_SendEmail",
                    "storedProcedureParameters": {
                        "p_body": {
                            "value": {
                                "value": "@pipeline().parameters.body",
                                "type": "Expression"
                            },
                            "type": "String"
                        },
                        "p_recipients": {
                            "value": {
                                "value": "@concat(if(not(equals(pipeline().parameters.recipient,null)),concat(pipeline().parameters.recipient,';'),activity('Get_Recipients').output.firstRow.recipients))",
                                "type": "Expression"
                            },
                            "type": "String"
                        },
                        "p_subject": {
                            "value": {
                                "value": "@pipeline().parameters.subject",
                                "type": "Expression"
                            },
                            "type": "String"
                        }
                    }
                },
                "linkedServiceName": {
                    "referenceName": "LS_BISSAS02PV",
                    "type": "LinkedServiceReference"
                }
            },
            {
                "name": "Get_Recipients",
                "description": "Get rowcounts where variance <> 0",
                "type": "Lookup",
                "dependsOn": [],
                "policy": {
                    "timeout": "7.00:00:00",
                    "retry": 0,
                    "retryIntervalInSeconds": 30,
                    "secureOutput": false,
                    "secureInput": false
                },
                "userProperties": [],
                "typeProperties": {
                    "source": {
                        "type": "AzureSqlSource",
                        "sqlReaderStoredProcedureName": "[catalog].[sp_get_email_recipients]",
                        "storedProcedureParameters": {
                            "group_name": {
                                "type": "String",
                                "value": {
                                    "value": "@pipeline().parameters.group_name",
                                    "type": "Expression"
                                }
                            },
                            "get_text": {
                                "type": "Int32",
                                "value": "1"
                            },
                            "send_info": {
                                "type": "String",
                                "value": {
                                    "value": "@pipeline().parameters.information",
                                    "type": "Expression"
                                }
                            }
                        },
                        "queryTimeout": "02:00:00",
                        "partitionOption": "None"
                    },
                    "dataset": {
                        "referenceName": "DS_SQL_CatalogDB",
                        "type": "DatasetReference",
                        "parameters": {
                            "TableName": "getstring()",
                            "SchemaName": "getstring()"
                        }
                    },
                    "firstRowOnly": true
                }
            }
        ],
        "parameters": {
            "subject": {
                "type": "string"
            },
            "recipient": {
                "type": "string"
            },
            "body": {
                "type": "string"
            },
            "group_name": {
                "type": "string",
                "defaultValue": "On-call"
            },
            "information": {
                "type": "string",
                "defaultValue": "false"
            }
        },
        "folder": {
            "name": "util"
        },
        "annotations": []
    }
}