{
    "name": "LS_ASQL_catalogdb",
    "type": "Microsoft.DataFactory/factories/linkedservices",
    "properties": {
        "annotations": [],
        "type": "AzureSqlDatabase",
        "typeProperties": {
            "connectionString": {
                "type": "AzureKeyVaultSecret",
                "store": {
                    "referenceName": "LS_KV_WakeHealth_DataServices",
                    "type": "LinkedServiceReference"
                },
                "secretName": "LS-ASQL-catalogdb"
            }
        },
        "connectVia": {
            "referenceName": "SHIR-DataServices",
            "type": "IntegrationRuntimeReference"
        }
    }
}