{
    "name": "LS_FILE_BOE_folder",
    "properties": {
        "annotations": [],
        "type": "FileServer",
        "typeProperties": {
            "host": "\\\\medctr.ad.wfubmc.edu\\dfs\\boe_reporting$",
            "userId": "medctr\\edwsssis",
            "password": {
                "type": "AzureKeyVaultSecret",
                "store": {
                    "referenceName": "LS_KV_WakeHealth_DataServices",
                    "type": "LinkedServiceReference"
                },
                "secretName": "ID-edwssis"
            }
        },
        "connectVia": {
            "referenceName": "SHIR-WFOnPremise",
            "type": "IntegrationRuntimeReference"
        }
    },
    "type": "Microsoft.DataFactory/factories/linkedservices"
}