{
    "name": "LS_ORA_Clarity",
    "type": "Microsoft.DataFactory/factories/linkedservices",
    "properties": {
        "annotations": [],
        "type": "Oracle",
        "typeProperties": {
            "connectionString": {
                "type": "AzureKeyVaultSecret",
                "store": {
                    "referenceName": "LS_KV_WakeHealth_DataServices",
                    "type": "LinkedServiceReference"
                },
                "secretName": "LS-ORA-Clarity"
            }
        },
        "connectVia": {
            "referenceName": "SHIR-WFOnPremise",
            "type": "IntegrationRuntimeReference"
        }
    }
}