{
    "name": "DS_Wake_ORA_Clarity",
    "properties": {
        "linkedServiceName": {
            "referenceName": "LS_ORA_Clarity",
            "type": "LinkedServiceReference"
        },
        "parameters": {
            "TableName": {
                "type": "string"
            },
            "SchemaName": {
                "type": "string"
            }
        },
        "folder": {
            "name": "_general"
        },
        "annotations": [],
        "type": "OracleTable",
        "schema": [],
        "typeProperties": {
            "schema": {
                "value": "@dataset().SchemaName",
                "type": "Expression"
            },
            "table": {
                "value": "@dataset().TableName",
                "type": "Expression"
            }
        }
    },
    "type": "Microsoft.DataFactory/factories/datasets"
}