{
    "name": "DS_Wake_File_BOE",
    "properties": {
        "linkedServiceName": {
            "referenceName": "LS_FILE_BOE_folder",
            "type": "LinkedServiceReference"
        },
        "parameters": {
            "folder": {
                "type": "string"
            },
            "file": {
                "type": "string"
            },
            "ColDelimiter": {
                "type": "string",
                "defaultValue": "|"
            },
            "HeaderRow": {
                "type": "bool",
                "defaultValue": false
            },
            "QuoteChar": {
                "type": "string",
                "defaultValue": "@string(null)"
            },
            "Encoding": {
                "type": "string",
                "defaultValue": "UTF-8"
            }
        },
        "folder": {
            "name": "_general"
        },
        "annotations": [],
        "type": "DelimitedText",
        "typeProperties": {
            "location": {
                "type": "FileServerLocation",
                "fileName": {
                    "value": "@dataset().file",
                    "type": "Expression"
                },
                "folderPath": {
                    "value": "@dataset().folder",
                    "type": "Expression"
                }
            },
            "columnDelimiter": {
                "value": "@dataset().ColDelimiter",
                "type": "Expression"
            },
            "encodingName": {
                "value": "@dataset().Encoding",
                "type": "Expression"
            },
            "escapeChar": "\\",
            "firstRowAsHeader": {
                "value": "@dataset().HeaderRow",
                "type": "Expression"
            },
            "quoteChar": {
                "value": "@dataset().QuoteChar",
                "type": "Expression"
            }
        },
        "schema": [
            {
                "type": "String"
            }
        ]
    },
    "type": "Microsoft.DataFactory/factories/datasets"
}